Domain,Test Setting,Avg. # Rounds of Interaction,Avg. # Initial Programs,Avg. # Final Programs,Avg. Input Space Size,Avg. Question Space Size,Avg. Answer Space Size per Question,Avg. Prediction Set Size,# Benchmarks Solved,Avg. Time per Round of Interaction
ImageSearchActiveLearning,CCE_SmartLabel,"(6.4879999999999995, 2.245956366450604)","(593.816, 87.97764534243913)","(3.408, 1.5124549580070146)","(257.36, 0.0)","(1128.76, 2.263625410707385)","(12.74372270383146, 0.0)","(1.1458631340294974, 0.0)","(23.8, 0.4472135954999579)","(46.92275669701993, 12.840774135028562)"
MNISTActiveLearning,CCE_SmartLabel,"(9.84, 0.19849433241279238)","(1813.7079999999999, 371.8704101162123)","(32.14, 0.0)","(100.0, 0.0)","(438.43199999999996, 0.18846750383023797)","(7.330357142857144, 0.0)","(2.5057471264367814, 0.0)","(50.0, 0.0)","(11.242782725594072, 0.3197273007756248)"
ImageEditActiveLearning,CCE_SmartLabel,"(6.2972972972972965, 2.040585286783417)","(1731.037837837838, 222.8074345378039)","(5.064864864864864, 2.2326843650790997)","(271.72972972972974, 0.0)","(1049.3675675675674, 2.0259997396879244)","(11.295473108199255, 0.0)","(1.1514720788389736, 0.0)","(33.8, 1.7888543819998317)","(48.457017796039885, 14.086593227288667)"
Overall,CCE_SmartLabel,"(7.921428571428569, 0.7302458001052992)","(1514.1, 165.30828020153365)","(16.782142857142862, 0.9975576040857931)","(191.85714285714286, 0.0)","(794.35, 0.7248768368291619)","(9.848602051268, 0.0)","(1.754807157050165, 0.0)","(107.6, 1.6733200530681511)","(26.479210419706487, 3.620324343379907)"
