Domain,Test Setting,Avg. # Rounds of Interaction,Avg. # Initial Programs,Avg. # Final Programs,Avg. Input Space Size,Avg. Question Space Size,Avg. Answer Space Size per Question,Avg. Prediction Set Size,# Benchmarks Solved,Avg. Time per Round of Interaction
ImageSearchActiveLearning,CCE_SmartLabel,6.2,655.84,5.12,257.36,1129.16,12.74372270383146,1.1458631340294974,23,55.05156026070359
MNISTActiveLearning,CCE_SmartLabel,10.06,1556.58,32.14,100.0,438.22,7.330357142857144,2.5057471264367814,50,10.971921633515022
ImageEditActiveLearning,CCE_SmartLabel,7.081081081081081,1955.4054054054054,8.945945945945946,271.72972972972974,1048.5675675675675,11.295473108199255,1.1514720788389736,35,36.80298914708775
Overall,CCE_SmartLabel,8.214285714285714,1487.2767857142858,18.446428571428573,191.85714285714286,794.0803571428571,9.848602051268,1.754807157050165,108,25.754621281091417
