Domain,Test Setting,Avg. # Rounds of Interaction,Avg. # Initial Programs,Avg. # Final Programs,Avg. Input Space Size,Avg. Question Space Size,Avg. Answer Space Size per Question,Avg. Prediction Set Size,# Benchmarks Solved,Avg. Time per Round of Interaction
ImageSearchActiveLearning,CCE_SmartLabel,5.48,648.24,4.68,257.36,1129.72,12.74372270383146,1.1458631340294974,24,59.65207391244276
MNISTActiveLearning,CCE_SmartLabel,9.6,1555.72,32.14,100.0,438.66,7.330357142857144,2.5057471264367814,50,11.503563094171477
ImageEditActiveLearning,CCE_SmartLabel,4.351351351351352,1766.837837837838,4.8108108108108105,271.72972972972974,1051.3243243243244,11.295473108199255,1.1514720788389736,33,71.27393981465103
Overall,CCE_SmartLabel,6.946428571428571,1422.9017857142858,16.982142857142858,191.85714285714286,795.3125,9.848602051268,1.754807157050165,107,32.35109090149844
