Domain,Test Setting,Avg. # Rounds of Interaction,Avg. # Initial Programs,Avg. # Final Programs,Avg. Input Space Size,Avg. Question Space Size,Avg. Answer Space Size per Question,Avg. Prediction Set Size,# Benchmarks Solved,Avg. Time per Round of Interaction
ImageSearchActiveLearning,CCE_SmartLabel,10.4,659.56,1.56,257.36,1124.8,12.74372270383146,1.1458631340294974,24,26.65140700142723
MNISTActiveLearning,CCE_SmartLabel,10.0,1856.68,32.14,100.0,438.28,7.330357142857144,2.5057471264367814,50,11.25361811444501
ImageEditActiveLearning,CCE_SmartLabel,5.405405405405405,1368.7567567567567,4.162162162162162,271.72972972972974,1050.2432432432433,11.295473108199255,1.1514720788389736,35,44.60512704208144
Overall,CCE_SmartLabel,8.571428571428571,1428.2767857142858,16.071428571428573,191.85714285714286,793.6875,9.848602051268,1.754807157050165,109,22.372083631260285
