Domain,Test Setting,Avg. # Rounds of Interaction,Avg. # Initial Programs,Avg. # Final Programs,Avg. Input Space Size,Avg. Question Space Size,Avg. Answer Space Size per Question,Avg. Prediction Set Size,# Benchmarks Solved,Avg. Time per Round of Interaction
ImageSearchActiveLearning,CCE_SmartLabel,4.76,542.92,2.32,257.36,1130.48,12.74372270383146,1.1458631340294974,24,49.81756725699735
MNISTActiveLearning,CCE_SmartLabel,9.68,1657.88,32.14,100.0,438.58,7.330357142857144,2.5057471264367814,50,11.608063953051687
ImageEditActiveLearning,CCE_SmartLabel,9.486486486486486,1709.6756756756756,4.081081081081081,271.72972972972974,1046.2162162162163,11.295473108199255,1.1514720788389736,31,37.88278543233189
Overall,CCE_SmartLabel,8.517857142857142,1426.1160714285713,16.214285714285715,191.85714285714286,793.7589285714286,9.848602051268,1.754807157050165,105,26.041353400008592
