Domain,Test Setting,Avg. # Rounds of Interaction,Avg. # Initial Programs,Avg. # Final Programs,Avg. Input Space Size,Avg. Question Space Size,Avg. Answer Space Size per Question,Avg. Prediction Set Size,# Benchmarks Solved,Avg. Time per Round of Interaction
ImageSearchActiveLearning,CCE_SmartLabel,5.6,462.52,3.36,257.36,1129.64,12.74372270383146,1.1458631340294974,24,43.44117505352873
MNISTActiveLearning,CCE_SmartLabel,9.86,2441.68,32.14,100.0,438.42,7.330357142857144,2.5057471264367814,50,10.876746832787163
ImageEditActiveLearning,CCE_SmartLabel,5.162162162162162,1854.5135135135135,3.324324324324324,271.72972972972974,1050.4864864864865,11.295473108199255,1.1514720788389736,35,51.7202475440473
Overall,CCE_SmartLabel,7.357142857142857,1805.9285714285713,16.196428571428573,191.85714285714286,794.9107142857143,9.848602051268,1.754807157050165,109,25.876902884673697
