GT Program,Benchmark Info,Semantics,Delta,Avg. Per Component Pred. Set Size,Avg. Per Input Pred. Set Size,Question Selector,Correct?,Initial Synthesis Time,Active Learning Time,Initial Program Space Size,Final Program Space Size,Input Space Size,Question Space Size,Avg. Answer Space Size per Question,Avg. Prediction Set Size,# Rounds,Time Per Round,Initial Examples
"Map(Union[IsObject(Glasses), Smile, EyesOpen], IsObject(Person), GetBelow)",wedding,CCE,0.425,1.2737819025522041,26.425,SmartLabel,True,2.0636469579767436,11.622367708012462,298,1,320,1261,8.183544303797468,1.2737819025522041,3,"[7.636949334002566, 3.32948141702218, 0.47611679101828486]"
"Union[Map(IsObject(Bride), IsObject(Face), GetRight), Map(IsObject(Bride), IsObject(Face), GetLeft)]",wedding,CCE,0.425,1.2737819025522041,26.425,SmartLabel,True,3.6916357500012964,13.358191042032558,3431,1,320,1261,8.183544303797468,1.2737819025522041,3,"[7.062117459019646, 5.675646124989726, 0.5285512080299668]"
"Map(Union[IsObject(Glasses), Smile, EyesOpen], IsObject(Person), GetBelow)",wedding,CCE-NoAbs,0.425,1.2737819025522041,26.425,SmartLabelNoUB,True,1.707155582960695,121.28201008297037,298,1,320,1261,8.183544303797468,1.2737819025522041,3,"[80.18261283298489, 36.72994304198073, 4.179035332985222]"
"Union[Map(IsObject(Bride), IsObject(Face), GetRight), Map(IsObject(Bride), IsObject(Face), GetLeft)]",wedding,CCE-NoAbs,0.425,1.2737819025522041,26.425,SmartLabelNoUB,True,3.6091704159625806,120.81036470801337,3431,1,320,1261,8.183544303797468,1.2737819025522041,3,"[60.91376912500709, 55.444492542010266, 4.348347291001119]"
