GT Program,Benchmark Info,Semantics,Delta,Avg. Per Component Pred. Set Size,Avg. Per Input Pred. Set Size,Question Selector,Correct?,Initial Synthesis Time,Active Learning Time,Initial Program Space Size,Final Program Space Size,Input Space Size,Question Space Size,Avg. Answer Space Size per Question,Avg. Prediction Set Size,# Rounds,Time Per Round,Initial Examples
(length (filter (curry le 5) (map (curry plus 1) (map_imgs pred_int input-list)))),,CCE,0.00475,2.35,30.39,SmartLabel,True,5.179007874976378,9.676892084011342,402,61,100,436,8.924829157175399,2.35,3,"[4.0374088330427185, 1.3755385000258684, 1.247590458020568]"
(fold max 0  (map (curry plus (apply pred_int input-img)) (filter (curry le 8) (map_imgs pred_int input-list)))),,CCE,0.00475,2.35,30.39,SmartLabel,True,44.16907441598596,20.70129995798925,1632,4,100,431,8.924829157175399,2.35,8,"[9.467351416999009, 5.589666375017259, 2.597394166048616, 0.5447106669889763, 0.19579079200048, 0.23100883298320696, 0.1570147500024177, 1.621055165946018]"
(length (filter (curry le 5) (map (curry plus 1) (map_imgs pred_int input-list)))),,CCE-NoAbs,0.00475,2.35,30.39,SmartLabelNoUB,True,27.872413583972957,90.73261616699165,402,61,100,436,8.924829157175399,2.35,3,"[54.24037887499435, 16.30993808398489, 17.16563841700554]"
(fold max 0  (map (curry plus (apply pred_int input-img)) (filter (curry le 8) (map_imgs pred_int input-list)))),,CCE-NoAbs,0.00475,2.35,30.39,SmartLabelNoUB,True,119.13964379095705,158.87908312497893,1632,4,100,431,8.924829157175399,2.35,8,"[62.180806915974244, 59.683656791981775, 25.30443858297076, 5.674761292000767, 2.072342750034295, 1.2541776669677347, 1.2718099170015194, 1.1927496249554679]"
